id,fuente_url,texto_espanol,texto_guarani,categoria,fecha_crawleo
da6f1d44-7504-4c28-a797-7a860719d9eb,https://www.portalguarani.com/,DULCE VENENO,Letra: MANUEL ORTÍZ GUERRERO,preview,2026-08-07T19:13:54.807256+00:00
6f46b459-da0f-447e-9b43-002e766ace62,https://www.portalguarani.com/,VIDEO OFICIAL,HIMNO AL BICENTENARIO- JORGE CASTRO,preview,2026-08-07T19:13:54.807256+00:00
156ac851-c745-49d1-b497-cd8d4ce9da69,https://www.portalguarani.com/,ALFONSO LOMA,Composición de PEDRO GODOY ORTELLADO,preview,2026-08-07T19:13:54.807256+00:00
9eb0caf1-f869-4d1c-9a60-edfffded743b,https://www.portalguarani.com/,CONFESIONES DE UN FETICHE,Video de ERIKA MEZA y JAVIER LÓPEZ,preview,2026-08-07T19:13:54.807256+00:00
23403d73-dd70-443b-8359-78c9b5bf1a0a,https://www.portalguarani.com/,"""Cuatro miradas, un diálogo"" Homenaje a Osvaldo Camperchioli",Marta Rocío Benítez,preview,2026-08-07T19:13:54.807256+00:00
cfd4887e-0ecc-462c-87eb-736ad7fc8004,https://www.portalguarani.com/,"""Cuatro miradas, un diálogo"" Homenaje a Osvaldo Camperchioli",Adriana Duarte,preview,2026-08-07T19:13:54.807256+00:00
9f54fecd-2d68-4b11-b590-aad9d5908ec7,https://www.portalguarani.com/,DESASOSIEGO,Exposición de Carlos Rolandi,preview,2026-08-07T19:13:54.807256+00:00
1c99cc66-c867-48fd-b0f4-7ebdc243b74e,https://www.portalguarani.com/,LA HISTORIA IMPERFECTA,Exposición de Bettina Brizuela,preview,2026-08-07T19:13:54.807256+00:00
d4e63211-66a8-4d0d-9454-d49bd8878789,https://www.portalguarani.com/,"Exposición de Esculturas, Campo de Apariciones",Luis Torres,preview,2026-08-07T19:13:54.807256+00:00
6a97696a-0dae-4980-b78e-226a04eadad5,https://www.portalguarani.com/,"Exposición ""El arte se muestra a todos""",Diego Céspedes,preview,2026-08-07T19:13:54.807256+00:00
deea25ed-0dd6-4aa6-88f4-5d14ecc6114a,https://www.portalguarani.com/,Retrospectiva,Exposición de Luis Cogliolo,preview,2026-08-07T19:13:54.807256+00:00
2b1a7559-e547-4e24-8f85-d94c0133051b,https://www.portalguarani.com/,"""Cuatro miradas, un diálogo"" Homenaje a Osvaldo Camperchioli",Carolina Pedro,preview,2026-08-07T19:13:54.807256+00:00
9d52b8ad-ff5d-463c-8a2c-d49796932625,https://www.portalguarani.com/,"""Entramados del Alma""",Lilia Puentes,preview,2026-08-07T19:13:54.807256+00:00
37fd69fd-21c8-443c-971b-e7618c3312cb,https://www.portalguarani.com/,"Nada es semejante, Vitrales de Marcelo Medina",Marcelo Medina,preview,2026-08-07T19:13:54.807256+00:00
f763b51a-bc68-458e-8a38-fe964ab0d87c,https://www.portalguarani.com/,Testimonios,Una retrosprectiva sobre la trayectoria de Gloria del Paraguay,preview,2026-08-07T19:13:54.807256+00:00
36eeb76d-9272-4194-92ba-87f54ee1f260,https://www.portalguarani.com/,"VIRIL, pinturas de Alfredo Quiroz",Alfredo Quiroz,preview,2026-08-07T19:13:54.807256+00:00
f8475a59-a600-4128-be03-34895bedc79b,https://www.portalguarani.com/,"""Cuatro miradas, un diálogo"" Homenaje a Osvaldo Camperchioli",Gabriela Díaz de Espada,preview,2026-08-07T19:13:54.807256+00:00
d74809c4-1323-4a4c-93c4-7368d1ae09c2,https://www.portalguarani.com/,"CAMPAÑA DEL PARAGUAY, PREMIO POR LA BATALLA DE TUYUTÍ",24 DE MAYO DE 1866 - CONGRESO NACIONAL DE LA REPÚBLICA ARGENTINA,preview,2026-08-07T19:13:54.807256+00:00
f4190692-2ec6-4042-ac18-b8d36338f363,https://www.portalguarani.com/,MONEDAS DEL PARAGUAY 1790,2015 / PARAGUAYAN COINS - 2007 - 100 - 500 y 1.000 GUARANÍES (ALMA DE ACERO MACIZO y COBERTURA DE NÍQUEL),preview,2026-08-07T19:13:54.807256+00:00
5bcf307c-6eb4-4298-84da-32e058f08243,https://www.portalguarani.com/,HISTORIA DE LA MONEDA EN PARAGUAY,ÉPOCA PRE-HISPÁNICA (BANCO CENTRAL DEL PARAGUAY),preview,2026-08-07T19:13:54.807256+00:00
9297dfaa-8c84-44b3-95de-4e10b6818a95,https://www.portalguarani.com/,MONEDAS DEL PARAGUAY 1790,2015 / PARAGUAYAN COINS - 1983 - 100.000 GUARANÍES - CONMEMORACIÓN AL PERIODO PRESIDENCIAL DEL GENERAL ALFREDO STROEESNER (1983 – 1988) - ACUÑADA EN ORO,preview,2026-08-07T19:13:54.807256+00:00
0c61d9d6-8693-4fd4-b1da-32c58ad5eebc,https://www.portalguarani.com/,BANDA DE LA ORDEN NACIONAL DEL MÉRITO,"CUARTEL GENERAL EN PASO PUCÚ, 14 DE SETIEMBRE DE 1867",preview,2026-08-07T19:13:54.807256+00:00
7ab90b75-e95b-4f4d-80d0-43188d71d748,https://www.portalguarani.com/,KM# 8 20 CENTAVOS,AÑO 1903 - MONEDAS DE PARAGUAY,preview,2026-08-07T19:13:54.807256+00:00
2a624e2c-c607-4fea-94c3-a24847c0738a,https://www.portalguarani.com/,KM# 13 PESO,AÑO 1925 - MONEDAS DE PARAGUAY,preview,2026-08-07T19:13:54.807256+00:00
3e1b927b-8aa1-4f6a-ace8-504ab246bdf3,https://www.portalguarani.com/,CREACIÓN DE BANCOS,1936 - BANCO DE LA REPÚBLICA DEL PARAGUAY - Por ARTURO RAHI,preview,2026-08-07T19:13:54.807256+00:00
1d5cdde2-aacd-4050-a819-699bde8543a0,https://www.portalguarani.com/,MONEDAS DEL PARAGUAY 1790,2015 / PARAGUAYAN COINS - 1998 - 50 y 500 GUARANÍES - ACUÑADAS EN KROPF - ALEMANIA Y EN LA ROYAL MINT - INGLATERRA - METAL: LATÓN (DESMONETIZADAS EN 2011),preview,2026-08-07T19:13:54.807256+00:00
01321e17-a1a7-43df-825c-1c8b95f39e8e,https://www.portalguarani.com/,BILLETES DEL PARAGUAY 1851,2011 / PARAGUAYAN PAPER MONEY,preview,2026-08-07T19:13:54.807256+00:00
fd55d596-d170-44bd-8816-c3ddf198d952,https://www.portalguarani.com/,CREACIÓN DE BANCOS,1918 - BANCO INDUSTRIAL Y COMERCIAL DEL PARAGUAY (Por ARTURO RAHI),preview,2026-08-07T19:13:54.807256+00:00
710c67bf-1541-4c80-bcd8-ed9465e92f99,https://www.portalguarani.com/,KM# 36 150 GUARANIES,AÑO 1972 - MONEDAS DE PARAGUAY,preview,2026-08-07T19:13:54.807256+00:00
91fb629e-46f1-41d4-9540-a936307e452b,https://www.portalguarani.com/,Diversidad,Muestra de Artes Visuales - Miércoles 6 de marzo de 2019,preview,2026-08-07T19:13:54.807256+00:00
b6e60b42-011a-4d35-a108-e11e7a76389b,https://www.portalguarani.com/,FIESTA DE LOS CHOGUY,OSCAR PÉREZ con LA ALEGRE FÓRMULA NUEVA - Volumen 57,preview,2026-08-07T19:13:54.807256+00:00
c941f9a4-c4e0-4549-ae73-3863b993a10c,https://www.portalguarani.com/,CLÁSICOS Y NUEVOS ÉXITOS,Volumen 66 - OSCAR PÉREZ con LA ALEGRE FÓRMULA NUEVA,preview,2026-08-07T19:13:54.807256+00:00
6b6df548-6d9c-4961-a340-a7159c5c11dd,https://www.portalguarani.com/,Arrimando rimas,Autora: Andrea Piccardo - Año 2018,preview,2026-08-07T19:13:54.807256+00:00
b39cd9d4-3680-4fbf-bb1f-93e610a7aaf7,https://www.portalguarani.com/,REPENSA YRE,Polca de TEODORO S. MONGELÓS y QUEMIL YAMBAY,preview,2026-08-07T19:13:54.807256+00:00
6fcbc72c-46ff-4be5-b2bc-62bfdd043c2e,https://www.portalguarani.com/,Hilda Valenzano,Mi principal fuente de inspiración es la naturaleza - Año 2019,preview,2026-08-07T19:13:54.807256+00:00
7fb89c1c-45dd-4e91-8ef0-2c119cc7bcb4,https://www.portalguarani.com/,EYUMINTE CHE MOIRU,Volumen 25 - ÓSCAR PÉREZ CON LA ALEGRE FÓRMULA NUEVA,preview,2026-08-07T19:13:54.807256+00:00
7d854803-ecc9-4f4d-928f-1857b2962e35,https://www.portalguarani.com/,MÚSICA PARAGUAYA,POLKAS y GUARANIAS (PARA ESCUCHAR EN VIVO),preview,2026-08-07T19:13:54.807256+00:00
9c07a3a3-93c9-46ee-9591-ddb57f1d52f2,https://www.portalguarani.com/,CERCA DE TU CORAZÓN,Autor: ANTONIO OVELAR,preview,2026-08-07T19:13:54.807256+00:00
2e553155-9d14-40d2-a25f-80453ca6c282,https://www.portalguarani.com/,NDAIKUA'AIGUINTE AYAPO,Polca de JOSÉ A. ACUÑA y ANDRÉS C. SALDÍVAR,preview,2026-08-07T19:13:54.807256+00:00
0e44d21b-d8b9-45c6-848d-720ccdeec1d7,https://www.portalguarani.com/,SEIS RAYOS DE PLATA,2da. Edición en Español - Autor: RICHARD D. STOVER - Año 2010,preview,2026-08-07T19:13:54.807256+00:00
2263737f-6ddb-46de-830b-0e887d01e927,https://www.portalguarani.com/,"“La selección”, una nueva apuesta del cine posible","Domingo, 01 de Julio de 2018",preview,2026-08-07T19:13:54.807256+00:00
74dc82f6-db9a-4797-90dc-3d1d48d3d88b,https://www.portalguarani.com/,CENTRO DE ARTES VISUALES,MUSEO DEL BARRO,preview,2026-08-07T19:13:54.807256+00:00
110389f6-c335-40dd-86c6-15693c741fb0,https://www.portalguarani.com/,MUSEO ETNOGRÁFICO ANDRÉS BARBERO,FUNDACIÓN LA PIEDAD - ASUNCIÓN,preview,2026-08-07T19:13:54.807256+00:00
1e91d9a2-0c97-4903-a0e2-bf5b8086d0a9,https://www.portalguarani.com/,BIBLIOTECA NACIONAL DE AGRICULTURA (BINA),DR. MOISÉS S. BERTONI,preview,2026-08-07T19:13:54.807256+00:00
37965e8e-1ab3-438a-b3f2-b4cdfe1c7898,https://www.portalguarani.com/,REVISTA DEL INSTITUTO PARAGUAYO,EDICIÓN DIGITAL,preview,2026-08-07T19:13:54.807256+00:00
bcf2fd5c-c8b0-45e2-89db-134d0a4777bc,https://www.portalguarani.com/,REVOLUCIÓN DE LA INDEPENDENCIA DEL PARAGUAY 14 y 15 DE MAYO DE 1811,GOBIERNO DEL DOCTOR JOSÉ GASPAR RODRÍGUEZ DE FRANCIA,preview,2026-08-07T19:13:54.807256+00:00
cc2969f1-c9f9-4cc3-b131-e67df10a277d,https://www.portalguarani.com/,EL VETERINARIO Y SU RESPONSABILIDAD,"Ing. Agr. FERNANDO DÍAZ SHENKER - Jueves, 10 de Agosto de 2017",preview,2026-08-07T19:13:54.807256+00:00
29d55489-08a4-40fd-ac1f-7532c63b3d05,https://www.portalguarani.com/,SOCIODATA (SD),BIBLIOTECA VIRTUAL,preview,2026-08-07T19:13:54.807256+00:00
13657937-8f69-41f1-b72f-7ba6363ba74c,https://www.portalguarani.com/,LOS HUMEDALES,"Ing. Agr. FERNANDO DÍAZ SHENKER - Miércoles, 31 de Enero de 2018",preview,2026-08-07T19:13:54.807256+00:00
0a8b23d2-3264-4fc3-be16-ab6cf6a73cbd,https://www.portalguarani.com/,HACIA UN FUTURO AMBIENTAL SEGURO PARA LA HUMANIDAD,"Ing. Agr. FERNANDO DÍAZ SHENKER - Miércoles, 13 de Setiembre de 2017",preview,2026-08-07T19:13:54.807256+00:00
b7255d88-6d85-414f-96df-f6cdea220ee1,https://www.portalguarani.com/,BIBLIOTECA VIRTUAL DE LA REVISTA PARAGUAYA DE CULTURA GUARANIA,"QUINTA ETAPA - AÑO 1969 - NÚMEROS : 1, 2 y 3",preview,2026-08-07T19:13:54.807256+00:00
33923b47-7cfe-4101-bc43-17896eb98c79,https://www.portalguarani.com/,AGRICULTURA FAMILIAR,"Ing. Agr. FERNANDO DÍAZ SHENKER - Miércoles, 04 de Octubre de 2017",preview,2026-08-07T19:13:54.807256+00:00
84d04fca-9c1d-492c-91c6-4ba1efb2bf2d,https://www.portalguarani.com/,BIBLIOTECA VIRTUAL DE LA REVISTA PARAGUAYA DE CULTURA GUARANIA,GUARANIA - AÑO I - 1948,preview,2026-08-07T19:13:54.807256+00:00
42da7cd6-6600-4e97-8f29-a29c24ad70de,https://www.portalguarani.com/,MONOCULTIVOS VS AGRICULTURA CAMPESINA,Por GUILLERMO ORTEGA - Año 2018,preview,2026-08-07T19:13:54.807256+00:00
902075ab-a2a9-4153-966c-6e079937d107,https://www.portalguarani.com/,TIERRAS MALHABIDAS,Por ABEL ARECO - Año 2018,preview,2026-08-07T19:13:54.807256+00:00
38edbd42-ce2e-4eb6-a99f-4f404264529f,https://www.portalguarani.com/,CAMPO AGROPECUARIO,AÑO 17 - NÚMERO 203 - MAYO 2018 - REVISTA DIGITAL,preview,2026-08-07T19:13:54.807256+00:00
9125a176-be6b-46b2-bf1b-d45fc0c7dc69,https://www.portalguarani.com/,LOS SONIDOS DE LA LIBERTAD,"Por DELFINA ACOSTA - Domingo, 15 de Mayo de 2011",preview,2026-08-07T19:13:54.807256+00:00
1fef396c-0600-49dd-8285-f6394a5a0e0a,https://www.portalguarani.com/,POSTALES Y FOTOGRAFÍAS DEL PARAGUAY,REVOLUCIÓN DE 1912 - POSTALES Y FOTOGRAFÍAS - COLECCIÓN JAVIER YUBI,preview,2026-08-07T19:13:54.807256+00:00
dde7f6de-51fa-481e-8080-823e4608a081,https://www.portalguarani.com/,"Documental Fotográfico, sobre Paraguay con toda su dimensión social ... (1)",Marcela Barahona,preview,2026-08-07T19:13:54.807256+00:00
2b78745c-5b15-4770-8f43-54235a79a7ee,https://www.portalguarani.com/,POSTALES Y FOTOGRAFÍAS DEL PARAGUAY,REVOLUCIÓN DE 1904 - POSTALES Y FOTOGRAFÍAS - COLECCIÓN JAVIER YUBI,preview,2026-08-07T19:13:54.807256+00:00
6927db52-619e-48a0-8923-0a32a086f4ba,https://www.portalguarani.com/,"PALACETE DE LOS LÓPEZ CARRILLO, 2009",Óleo de NANNINA GALLUPPI,preview,2026-08-07T19:13:54.807256+00:00
e692a52f-8e21-475c-82ba-65ee226e2593,https://www.portalguarani.com/,"Documental Fotográfico, sobre Paraguay con toda su dimensión social ... (2)",Marcela Barahona,preview,2026-08-07T19:13:54.807256+00:00
5441bc42-e054-42c8-8f4a-40445a7c931c,https://www.portalguarani.com/,FUNCIÓN PATRONAL,Fotos de Fernando Allen - Año 2006,preview,2026-08-07T19:13:54.807256+00:00
88bf16bd-ed04-427d-b415-941fca8f3dcc,https://www.portalguarani.com/,"Fiesta de San Ignacio. (Misiones, 31 de julio)",Fotografía de Fernando Allen,preview,2026-08-07T19:13:54.807256+00:00
1dc06df6-180a-475c-88aa-135c6e4cf0c0,https://www.portalguarani.com/,PANADERIA LIGIER,Fotografía: Mario Franco,preview,2026-08-07T19:13:54.807256+00:00
bddefb24-96c8-48d5-b531-5c36f909b4b8,https://www.portalguarani.com/,"CASA DE LA INDEPENDENCIA, 1986",Dibujo de MARTÍN VALLEJOS,preview,2026-08-07T19:13:54.807256+00:00
d4f707ec-ed2b-482f-a82d-7dd6b7dc6ced,https://www.portalguarani.com/,TEMPLO DE LA ASUNCÍON (VILLARRICA),Fotógrafo: VÍCTOR BECKELMANN,preview,2026-08-07T19:13:54.807256+00:00
5af7bb91-7d7f-4fdf-818f-1e8c06e28e17,https://www.portalguarani.com/,POSTALES Y FOTOGRAFÍAS DEL PARAGUAY,REVOLUCIÓN DE 1922 - POSTALES Y FOTOGRAFÍAS - COLECCIÓN JAVIER YUBI,preview,2026-08-07T19:13:54.807256+00:00
4cdbcad4-8212-4acb-bc9f-11795f9caa17,https://www.portalguarani.com/,Los Ayoreos de Jesudi,Fotografías: Archivo del Centro Cultural del Lago (Areguá-Paraguay),preview,2026-08-07T19:13:54.807256+00:00
5950e1ee-c83c-409e-8441-5b6296ea1db3,https://www.portalguarani.com/,"FOLKLORE, TRADICIONES, MITOS Y LEYENDAS DEL PARAGUAY",COMPILACIÓN Y BIBLIOGRAFÍA RECOMENDADA,preview,2026-08-07T19:13:54.807256+00:00
7016af20-2b6b-40fc-ab9e-6fd35feac177,https://www.portalguarani.com/,CABELLO DE ÁNGEL,PROPIEDADES - Estudio de JAVIER CATALDO,preview,2026-08-07T19:13:54.807256+00:00
11c88625-d954-49ac-b1cd-9d1584962000,https://www.portalguarani.com/,FRUTOS SILVESTRES,"RECURSOS FITOGENÉTICOS, 1997 - NÉLIDA SORIA REY",preview,2026-08-07T19:13:54.807256+00:00
f73944c2-b248-4e26-8235-b05a61588094,https://www.portalguarani.com/,CAPII CATI,PROPIEDADES - Estudio de JAVIER CATALDO,preview,2026-08-07T19:13:54.807256+00:00
0eb5416d-f028-4e94-9e68-113e8540ebaf,https://www.portalguarani.com/,MALVA DE CASTILLA,PROPIEDADES - Estudio de JAVIER CATALDO,preview,2026-08-07T19:13:54.807256+00:00
3d45dc6e-9c55-4a49-a1d7-3ea344ddb8a2,https://www.portalguarani.com/,SANGUINARIA,PROPIEDADES - Estudio de JAVIER CATALDO,preview,2026-08-07T19:13:54.807256+00:00
152c26cb-9f58-4d07-bbf0-998758b0b5f9,https://www.portalguarani.com/,BODA CAMPESTRE,PARAGUAY - Foto de ADOLFO MARÍA FRIEDRICH,preview,2026-08-07T19:13:54.807256+00:00
074b2503-1d0a-47df-8bf0-bd93f4b4941f,https://www.portalguarani.com/,NAÑANDEREKOJOJÁI,NO SOMOS IGUALES,preview,2026-08-07T19:13:54.807256+00:00
2891b53f-3658-4674-927b-76058bdbd20d,https://www.portalguarani.com/,¡KERAPOTY TOVEVE! ANTOLOGÍA BILINGÜE,Por FÉLIX DE GUARANIA - Año 2011,preview,2026-08-07T19:13:54.807256+00:00
f98709b6-dc35-457c-b35d-6075bfc0d954,https://www.portalguarani.com/,UH TIENE RAZÓN,GUARANI ES LA ASIGNATURA MÁS ODIADA. (EN REALIDAD LO QUE ODIAN ES EL JOPARA),preview,2026-08-07T19:13:54.807256+00:00
021f99cd-2a7b-4c68-b65c-1026d474012e,https://www.portalguarani.com/,IDIOMA GUARANÍ,POESÍAS - MÚSICAS - ESTUDIOS - ENSAYOS - DICCIONARIOS,preview,2026-08-07T19:13:54.807256+00:00
57b708d6-48a8-425b-b971-41b2611d981d,https://www.portalguarani.com/,ROHAYHUGUI MI CORAZÓN,Letra: EMILIANO R. FERNÁNDEZ,preview,2026-08-07T19:13:54.807256+00:00
f58488cf-12b8-4dd0-80bd-6d57d0d54848,https://www.portalguarani.com/,MOMBYRY ÑAIME RIRE (Partitura),Polca Canción de DEMETRIO ORTÍZ,preview,2026-08-07T19:13:54.807256+00:00
a101542c-d2a7-4228-aa29-4e6fc05f06df,https://www.portalguarani.com/,KILÓMETRO 11,KILÓMETRO 11 - Transcripción por TANIA RAMOS,preview,2026-08-07T19:13:54.807256+00:00
1dbc7cb6-3ef0-4792-ab73-4c5ec73c6ba6,https://www.portalguarani.com/,UNA GUITARRA EN EL CREPÚSCULO,GUIDO CHEAIB,preview,2026-08-07T19:13:54.807256+00:00
75892af4-4f33-4ef8-b7be-959f1d4e98a1,https://www.portalguarani.com/,ADIÓS CHE PARAHE KUE (Partitura),EMILIANO R. FERNÁNDEZ,preview,2026-08-07T19:13:54.807256+00:00
92a4d313-70ab-4af9-9bf0-249998aa8142,https://www.portalguarani.com/,NDE JURU MBYTE (Partitura),Polca de EMILIANO R. FERNÁNDEZ,preview,2026-08-07T19:13:54.807256+00:00
517cd635-39cd-4791-8f55-bcff8b390ae1,https://www.portalguarani.com/,"PERURIMA HA VYRORIMA REKOASAKUE, 2011",CUENTOS DE PERURIMA - Por FÉLIX DE GUARANIA,preview,2026-08-07T19:13:54.807256+00:00
d351243e-c5dc-4a7e-b239-09b7e7f260b9,https://www.portalguarani.com/,DE LEJOS VENGO,Letra y Música: CARLOS QUINTANA,preview,2026-08-07T19:13:54.807256+00:00
84b8ae00-4334-41db-84ba-7becf7fc4672,https://www.portalguarani.com/,MEDALLA DE TUYUTÍ (3 DE NOVIEMBRE DE 1867),"PASO PUCÚ, 15 DE NOVIEMBRE DE 1867",preview,2026-08-07T19:13:54.807256+00:00
caf51e86-ed7c-4ab9-84d8-c570a9bac236,https://www.portalguarani.com/,EL ORATORIO,MUSEO HISTÓRICO CASA DE LA INDEPENDENCIA,preview,2026-08-07T19:13:54.807256+00:00
19e7a09a-4d07-4e17-8d9b-e5fa5e359516,https://www.portalguarani.com/,MUSEO VIRTUAL DE LA MEMORIA Y VERDAD SOBRE EL STRONISMO,EL STRONISMO - SÁTIRAS AL STRONISMO,preview,2026-08-07T19:13:54.807256+00:00
ff7aa844-2ddf-43ec-986b-2e68ea0ee137,https://www.portalguarani.com/,MEDALLA A LOS VENCEDORES DE CORRIENTES,25 DE MAYO DE 1865 - LEY: 19 DE AGOSTO DE 1865,preview,2026-08-07T19:13:54.807256+00:00
23cc15b1-f968-4fb5-ae11-51f54826513a,https://www.portalguarani.com/,LA GUERRA DEL CHACO,I - BOQUERÓN - Coronel CARLOS JOSÉ FERNÁNDEZ,preview,2026-08-07T19:13:54.807256+00:00
e778e77b-d3d4-4e54-9cfa-a7d34fdb185b,https://www.portalguarani.com/,"POLÍTICA AMERICANA, 1925",Por CECILIO BÁEZ,preview,2026-08-07T19:13:54.807256+00:00
e8defc06-418d-4132-beba-42368e900e84,https://www.portalguarani.com/,MUSEO VIRTUAL DE LA MEMORIA Y VERDAD SOBRE EL STRONISMO,EL STRONISMO - AFILIACIÓN MASIVA,preview,2026-08-07T19:13:54.807256+00:00
817bf968-ac93-42b7-a959-4f496bd60440,https://www.portalguarani.com/,GUERRA DE LA TRIPLE ALIANZA (BRASIL,ARGENTINA - URUGUAY contra PARAGUAY) 1865 - 1870,preview,2026-08-07T19:13:54.807256+00:00
3fa9eec3-43a9-486d-baf7-09d8f92cb52a,https://www.portalguarani.com/,MUSEO VIRTUAL DE LA MEMORIA Y VERDAD SOBRE EL STRONISMO,EL STRONISMO - CONTEXTO NACIONAL E INTERNACIONAL,preview,2026-08-07T19:13:54.807256+00:00
d48bed76-f21f-490b-9bae-07aa0989f998,https://www.portalguarani.com/,LA GUERRA DEL CHACO,II - SAAVEDRA - Coronel CARLOS JOSÉ FERNÁNDEZ,preview,2026-08-07T19:13:54.807256+00:00
19f37a13-de87-4a31-8d26-bd04c859c366,https://www.portalguarani.com/,"BATALLA DE TUYUTÍ, MAYO 24 DE 1866",Óleo sobre tela de CANDIDO LÓPEZ,preview,2026-08-07T19:13:54.807256+00:00
969887e0-1968-4423-ac0a-9465587f0b7f,https://www.portalguarani.com/,EL DICTADOR FRANCIA,Por THOMAS CARLYLE - Año 1937,preview,2026-08-07T19:13:54.807256+00:00
1b8f30b2-34c0-48ab-96b1-affca7cced7f,https://www.portalguarani.com/,HISTORIA DIPLOMÁTICA DEL PARAGUAY DE 1869 HASTA NUESTROS DÍAS,7ª EDICIÓN - Autor: ANTONIO SALUM FLECHA - Año 2007,preview,2026-08-07T19:13:54.807256+00:00
e559d451-4844-491d-b095-cd8838fe70fd,https://www.portalguarani.com/,"El vuelo del Cóndor, 40 años después","Instaurar la vigencia real de los derechos humanos en el Mercosur, sin olvidos, con justicia y reparación - DERECHOS HUMANOS EN PARAGUAY 2015 - Autora: MYRIAN GONZÁLEZ VERA (CDE) - Páginas 373 al 384 - Año 2015",preview,2026-08-07T19:13:54.807256+00:00
a466fcf3-e540-4982-8cba-383258ed24b5,https://www.portalguarani.com/,JUICIO SUCESORIO,Autor: RODOLFO FABIÁN CENTURIÓN ORTÍZ - Año 2015,preview,2026-08-07T19:13:54.807256+00:00
35727835-30c7-478e-ac4e-1f90afdabc79,https://www.portalguarani.com/,LEGISLACIÓN DEL TRABAJO,EDICIÓN ACTUALIZADA 2011 - Recopilación: JOAQUÍN IRÚN GRAU - Año 2011,preview,2026-08-07T19:13:54.807256+00:00
e81a628b-dcc1-4925-8832-c4a1223ea89c,https://www.portalguarani.com/,"Patriarcado, machismo e impunidad",causas de la cotidiana violencia de género - Autora: MYRIAN GONZÁLEZ VERA (CDE) - Páginas 447 al 466 - Año 2012,preview,2026-08-07T19:13:54.807256+00:00
f01f83c1-e273-4eae-ae52-068d8c53d0a9,https://www.portalguarani.com/,CÓDIGO CIVIL PARAGUAYO Y LEYES COMPLEMENTARIAS,27ª Edición - Actualizado por MIGUEL ÁNGEL PANGRAZIO CIANCIO y HORACIO ANTONIO PETTIT - Año 2013,preview,2026-08-07T19:13:54.807256+00:00
bd5f59a6-e292-4c81-81ad-7705e47b4e5b,https://www.portalguarani.com/,El quiebre institucional presagia panorama desalentador. Reforma agraria y desarrollo rural,Autores: ELSY y QUINTÍN RIQUELME (CDE) - Páginas 329 al 338 - Año 2012,preview,2026-08-07T19:13:54.807256+00:00
fd6b5aba-8167-4f37-948a-1d20d088eb5a,https://www.portalguarani.com/,"ORIGEN, DESARROLLO Y MODERNIZACIÓN DE LA POLÍTICA EXTERIOR DEL PARAGUAY",Autor: ANTONIO SALUM FLECHA - Año 2012,preview,2026-08-07T19:13:54.807256+00:00
4a0fbde9-9d44-4676-bcc5-3175b42cb91e,https://www.portalguarani.com/,DERECHO ADMINISTRATIVO,Autor: MIGUEL ÁNGEL PANGRAZIO CIANCIO - Año 2005,preview,2026-08-07T19:13:54.807256+00:00
6e56709c-cf02-4d0a-8c93-8b2f5e0e967b,https://www.portalguarani.com/,Un día como hoy nace,"Mariano Roque Alonso (+) Nac. 07/08/1791 Ybytymí, Paraguarí Jorge Codas Nac. 07/08/1954 Puerto Bermejo Cayetano Cuquejo Nac. 07/08/1961 Puerto Rosario, San Pedro Arnulfo Dami Serna (+) Nac. 07/08/1929 Paraguarí Marta Geymayr Nac. 07/08/1942 Asunción, Central Cecilio Marín (+) Nac. 07/08/1927 Barrio Obrero, Asunción, Central Víctor Ocampos (+) Nac. 07/08/1920 Asunción, Central Claudia Talavera Nac. 07/08/1975 Asunción, Central También fenece: Mariano Roque Alonso (+) Fall. 07/08/1853 Ybytymí, Paraguarí Agustín Pío (Mangoré) Barrios (+) Fall. 07/08/1944 San Salvador Luis A. Campos Doria (+) Fall. 07/08/2017 Asunción, Central Javier Cataldo (+) Fall. 07/08/2017 Asunción, Central Leopoldo Centurión (Leo Cen) (+) Fall. 07/08/1922 Asunción, Central Carlos Díaz León (+) Fall. 07/08/1959 Asunción, Central Gladys Niella De Fadul (+) Fall. 07/08/2006 Asunción, Central Un día como hoy en la historia... 7 de agosto de 1869. Guerra del 70: Combate de Azcurra. 7 de agosto de 1869. Fuerzas brasileñas al mando del mariscal Victorino Carneiro Monteiro destruyen la mina de azufre de Valenzuela. 7 de agosto de 1878. El gobierno nacional nombra mayordoma de la imagen de Nuestra Señora de la Asunción a doña Bárbara Machaín de Haedo, quien donó dicha imagen al Estado y la Iglesia paraguaya. 7 de agosto de 1884. Nace en Cataluña, España, Jaime Miquel Moray, escultor que realizó numerosas ornamentaciones edilicias asunceñas. 7 de agosto de 1904. Nace en Carapeguá, María Beatriz Escobar, musa inspiradora de la célebre polka ""María Escobar"", escrita y musicalizada por Pedro Pablo Valiente. La citada poesía no es de Emiliano R. Fernández, según la revista ""Ocára Poty Cue Mi"" Nº 71. 7 de agosto de 1906. Nace en Horqueta, Concepción, Alberto Fernández Valenzuela, militar y colonizador del Alto Paraná. 7 de agosto de 1913. Nace en Asunción Carlos Montanaro, militar. 7 de agosto de 1920. Alberto Vasallo di Torregrossa es acreditado como internuncio del Vaticano en el Paraguay. 7 de agosto de 1925. Nace en Yataity, Guairá, el botánico, investigador y catedrático Juan Alberto López Villalba, quien por su versación en temas botánicos es conocido como “López Yvyrá”. 7 de agosto de 1926. Nace en Asunción, Nelly Prono, actriz y cantante. 7 de agosto de 1927. Nace en San Pedro del Paraná, el historiador Alberto Delvalle. 7 de agosto de 1932. Estigarribia solicita autorización para recuperar Boquerón. 7 de agosto de 1933. Fallece Carlos Pfannl, empresario y ganadero. 7 de agosto de 1943. Nace en Udine, Italia, el catedrático y rector universitario Ladislao Nagy Ferrari. 7 de agosto de 1947. Revolución del 47: Empieza el asedio a la capital del país y ciudades circunvecinas. 7 de agosto de 1948. Nace en Asunción, Arturo Máximo Rubín, periodista y relator deportivo. 7 de agosto de 1970. Se inaugura la Galería Agustín Barrios, del Centro Cultural Paraguayo Americano. 7 de agosto de 1973. Llega de visita al país el superior de la orden jesuítica, Pedro Arrupe. 7 de agosto de 1980. Se inaugura la segunda etapa del sistema de abastecimiento de agua potable y alcantarillado sanitario de la ciudad de San Lorenzo. 7 de agosto de 1984. El distrito de Villa Elisa es elevado a municipio de primera categoría. 7 de agosto de 1996. Luego de casi dos meses, el general Lino Oviedo es liberado por disposición de la Justicia.",preview,2026-08-07T19:13:54.807256+00:00
d96d46e4-e72d-46f9-a54b-206224456e8d,https://www.portalguarani.com/,Un día como hoy nace,"Mariano Roque Alonso (+) Nac. 07/08/1791 Ybytymí, Paraguarí Jorge Codas Nac. 07/08/1954 Puerto Bermejo Cayetano Cuquejo Nac. 07/08/1961 Puerto Rosario, San Pedro Arnulfo Dami Serna (+) Nac. 07/08/1929 Paraguarí Marta Geymayr Nac. 07/08/1942 Asunción, Central Cecilio Marín (+) Nac. 07/08/1927 Barrio Obrero, Asunción, Central Víctor Ocampos (+) Nac. 07/08/1920 Asunción, Central Claudia Talavera Nac. 07/08/1975 Asunción, Central También fenece: Mariano Roque Alonso (+) Fall. 07/08/1853 Ybytymí, Paraguarí Agustín Pío (Mangoré) Barrios (+) Fall. 07/08/1944 San Salvador Luis A. Campos Doria (+) Fall. 07/08/2017 Asunción, Central Javier Cataldo (+) Fall. 07/08/2017 Asunción, Central Leopoldo Centurión (Leo Cen) (+) Fall. 07/08/1922 Asunción, Central Carlos Díaz León (+) Fall. 07/08/1959 Asunción, Central Gladys Niella De Fadul (+) Fall. 07/08/2006 Asunción, Central",preview,2026-08-07T19:13:54.807256+00:00
1d991e09-8783-41ff-9085-0a21391eb271,https://www.portalguarani.com/,También fenece,"Mariano Roque Alonso (+) Fall. 07/08/1853 Ybytymí, Paraguarí Agustín Pío (Mangoré) Barrios (+) Fall. 07/08/1944 San Salvador Luis A. Campos Doria (+) Fall. 07/08/2017 Asunción, Central Javier Cataldo (+) Fall. 07/08/2017 Asunción, Central Leopoldo Centurión (Leo Cen) (+) Fall. 07/08/1922 Asunción, Central Carlos Díaz León (+) Fall. 07/08/1959 Asunción, Central Gladys Niella De Fadul (+) Fall. 07/08/2006 Asunción, Central",preview,2026-08-07T19:13:54.807256+00:00
0b48ad9f-630f-4abf-a16e-39c7290639ac,https://www.portalguarani.com/,Un día como hoy en la historia... 7 de agosto de 1869. Guerra del 70,"Combate de Azcurra. 7 de agosto de 1869. Fuerzas brasileñas al mando del mariscal Victorino Carneiro Monteiro destruyen la mina de azufre de Valenzuela. 7 de agosto de 1878. El gobierno nacional nombra mayordoma de la imagen de Nuestra Señora de la Asunción a doña Bárbara Machaín de Haedo, quien donó dicha imagen al Estado y la Iglesia paraguaya. 7 de agosto de 1884. Nace en Cataluña, España, Jaime Miquel Moray, escultor que realizó numerosas ornamentaciones edilicias asunceñas. 7 de agosto de 1904. Nace en Carapeguá, María Beatriz Escobar, musa inspiradora de la célebre polka ""María Escobar"", escrita y musicalizada por Pedro Pablo Valiente. La citada poesía no es de Emiliano R. Fernández, según la revista ""Ocára Poty Cue Mi"" Nº 71. 7 de agosto de 1906. Nace en Horqueta, Concepción, Alberto Fernández Valenzuela, militar y colonizador del Alto Paraná. 7 de agosto de 1913. Nace en Asunción Carlos Montanaro, militar. 7 de agosto de 1920. Alberto Vasallo di Torregrossa es acreditado como internuncio del Vaticano en el Paraguay. 7 de agosto de 1925. Nace en Yataity, Guairá, el botánico, investigador y catedrático Juan Alberto López Villalba, quien por su versación en temas botánicos es conocido como “López Yvyrá”. 7 de agosto de 1926. Nace en Asunción, Nelly Prono, actriz y cantante. 7 de agosto de 1927. Nace en San Pedro del Paraná, el historiador Alberto Delvalle. 7 de agosto de 1932. Estigarribia solicita autorización para recuperar Boquerón. 7 de agosto de 1933. Fallece Carlos Pfannl, empresario y ganadero. 7 de agosto de 1943. Nace en Udine, Italia, el catedrático y rector universitario Ladislao Nagy Ferrari. 7 de agosto de 1947. Revolución del 47: Empieza el asedio a la capital del país y ciudades circunvecinas. 7 de agosto de 1948. Nace en Asunción, Arturo Máximo Rubín, periodista y relator deportivo. 7 de agosto de 1970. Se inaugura la Galería Agustín Barrios, del Centro Cultural Paraguayo Americano. 7 de agosto de 1973. Llega de visita al país el superior de la orden jesuítica, Pedro Arrupe. 7 de agosto de 1980. Se inaugura la segunda etapa del sistema de abastecimiento de agua potable y alcantarillado sanitario de la ciudad de San Lorenzo. 7 de agosto de 1984. El distrito de Villa Elisa es elevado a municipio de primera categoría. 7 de agosto de 1996. Luego de casi dos meses, el general Lino Oviedo es liberado por disposición de la Justicia.",preview,2026-08-07T19:13:54.807256+00:00
6c92229c-ed89-4fef-8322-a0841ac40f93,https://www.portalguarani.com/,7 de agosto de 1869. Guerra del 70,"Combate de Azcurra. 7 de agosto de 1869. Fuerzas brasileñas al mando del mariscal Victorino Carneiro Monteiro destruyen la mina de azufre de Valenzuela. 7 de agosto de 1878. El gobierno nacional nombra mayordoma de la imagen de Nuestra Señora de la Asunción a doña Bárbara Machaín de Haedo, quien donó dicha imagen al Estado y la Iglesia paraguaya. 7 de agosto de 1884. Nace en Cataluña, España, Jaime Miquel Moray, escultor que realizó numerosas ornamentaciones edilicias asunceñas. 7 de agosto de 1904. Nace en Carapeguá, María Beatriz Escobar, musa inspiradora de la célebre polka ""María Escobar"", escrita y musicalizada por Pedro Pablo Valiente. La citada poesía no es de Emiliano R. Fernández, según la revista ""Ocára Poty Cue Mi"" Nº 71. 7 de agosto de 1906. Nace en Horqueta, Concepción, Alberto Fernández Valenzuela, militar y colonizador del Alto Paraná. 7 de agosto de 1913. Nace en Asunción Carlos Montanaro, militar. 7 de agosto de 1920. Alberto Vasallo di Torregrossa es acreditado como internuncio del Vaticano en el Paraguay. 7 de agosto de 1925. Nace en Yataity, Guairá, el botánico, investigador y catedrático Juan Alberto López Villalba, quien por su versación en temas botánicos es conocido como “López Yvyrá”. 7 de agosto de 1926. Nace en Asunción, Nelly Prono, actriz y cantante. 7 de agosto de 1927. Nace en San Pedro del Paraná, el historiador Alberto Delvalle. 7 de agosto de 1932. Estigarribia solicita autorización para recuperar Boquerón. 7 de agosto de 1933. Fallece Carlos Pfannl, empresario y ganadero. 7 de agosto de 1943. Nace en Udine, Italia, el catedrático y rector universitario Ladislao Nagy Ferrari. 7 de agosto de 1947. Revolución del 47: Empieza el asedio a la capital del país y ciudades circunvecinas. 7 de agosto de 1948. Nace en Asunción, Arturo Máximo Rubín, periodista y relator deportivo. 7 de agosto de 1970. Se inaugura la Galería Agustín Barrios, del Centro Cultural Paraguayo Americano. 7 de agosto de 1973. Llega de visita al país el superior de la orden jesuítica, Pedro Arrupe. 7 de agosto de 1980. Se inaugura la segunda etapa del sistema de abastecimiento de agua potable y alcantarillado sanitario de la ciudad de San Lorenzo. 7 de agosto de 1984. El distrito de Villa Elisa es elevado a municipio de primera categoría. 7 de agosto de 1996. Luego de casi dos meses, el general Lino Oviedo es liberado por disposición de la Justicia.",preview,2026-08-07T19:13:54.807256+00:00
51cda9c7-28c9-4bcb-8917-05bea9089298,https://www.portalguarani.com/,WORLD COINS 2015,2001 DATE - 9th Edition,preview,2026-08-07T19:13:54.807256+00:00
91f1daac-2999-4a6b-8a51-4dd4327186cd,https://www.portalguarani.com/,ALIANZA FRANCESA,ALLIANCE FRANCAISE,preview,2026-08-07T19:13:54.807256+00:00
41e75e3d-0202-4996-a68e-ef1528c35940,https://www.portalguarani.com/,GALERÍA MATICES,DODY GAONA,preview,2026-08-07T19:13:54.807256+00:00
ca48081e-b22d-4a0a-b0eb-dd7f12c2783e,https://www.portalguarani.com/,FILATELIA DEL PARAGUAY,PARAGUAYAN PHILATELY,preview,2026-08-07T19:13:54.807256+00:00
8aee62c1-141d-4132-af91-51fe9169a0da,https://www.portalguarani.com/,CEDRÓN PARAGUAY,PROPIEDADES - Estudio de JAVIER CATALDO,preview,2026-08-07T19:13:54.807256+00:00
ae0d2f95-812a-431b-9300-9fd955469c56,https://www.portalguarani.com/,CHE VALLE ITURBE,Letra y Música: ALBERTO DE LUQUE,preview,2026-08-07T19:13:54.807256+00:00
da1fc33b-fc5b-4d6e-a365-8ac2f27eceaf,https://www.portalguarani.com/,MENSAJES Y DISCURSOS 1989,1993 - Presidente de la República Don ANDRÉS RODRÍGUEZ,preview,2026-08-07T19:13:54.807256+00:00
49308f7d-ca4f-46f1-8e33-18704bcbe834,https://www.portalguarani.com/,"LAS INSTITUCIONES TRIBUTARIAS, EL SISTEMA LEGAL VIGENTE Y EL RÉGIMEN PROCESAL TRIBUTARIO",3ª EDICIÓN - Autor: MARCO ANTONIO ELIZECHE - Año 2015,preview,2026-08-07T19:13:54.807256+00:00
d19f47a7-ea15-488c-95e6-df9c5991cb4d,https://www.portalguarani.com/,Celso Brizuela,Chester Swann (+),diccionario,2026-08-07T19:21:27.909247+00:00
57eb84e8-551e-493c-87e3-833ebe881a2c,https://www.portalguarani.com/,MEDALLA CONMEMORATIVA AL CONDE D'EU,1871 - IMPERIO DEL BRASIL,diccionario,2026-08-07T19:21:27.909247+00:00
951e4c18-ebcf-4c52-82d5-036f2deab790,https://www.portalguarani.com/,LA MONEDA Y LA POLÍTICA MONETARIA EN PARAGUAY,Por Dr. NICASIO MARTÍNEZ DÍAZ,diccionario,2026-08-07T19:21:27.909247+00:00
5419e264-9b63-4299-92f4-2321ce2ebedf,https://www.portalguarani.com/,KM# 167 10 GUARANIES,MONEDAS DE PARAGUAY,diccionario,2026-08-07T19:21:27.909247+00:00
fc4ff193-d3b3-410c-bf8c-a02f819ba51b,https://www.portalguarani.com/,CREACIÓN DE BANCOS,1914 - BANCO CONSTRUCTOR DEL PARAGUAY (Por ARTURO RAHI),diccionario,2026-08-07T19:21:27.909247+00:00
af2f2a40-8b58-4516-8e11-c44da2fea2ef,https://www.portalguarani.com/,KM# 178 10 GUARANIES,AÑO 1990 - MONEDAS DE PARAGUAY,diccionario,2026-08-07T19:21:27.909247+00:00
b198341c-6c86-4f83-aff8-0c381143bf25,https://www.portalguarani.com/,KM# 68 150 GUARANIES,AÑO 1973 - MONEDAS DE PARAGUAY,diccionario,2026-08-07T19:21:27.909247+00:00
57a52532-dead-406c-89c3-c8911c3f2179,https://www.portalguarani.com/,BOLETÍN DEL TESORO 1915,Presidencia de EDUARDO SCHAERER,diccionario,2026-08-07T19:21:27.909247+00:00
d224cd20-11e0-4ea5-b2aa-c8c89e667d34,https://www.portalguarani.com/,HISTORIA ECONÓMICA DEL PARAGUAY 1870,1925 - Por WASHINGTON ASHWELL,diccionario,2026-08-07T19:21:27.909247+00:00
34c7b4d2-ea40-4a7f-8ebb-d88781d9a3f8,https://www.portalguarani.com/,KM# 16 PESO,AÑO 1938 - MONEDAS DE PARAGUAY,diccionario,2026-08-07T19:21:27.909247+00:00
9201a3ee-4215-4796-b293-ed747db64038,https://www.portalguarani.com/,"PRIMERA MONEDA DE CUÑO NACIONAL, 1964",Por CARLOS ALBERTO PUSINERI SCALA,diccionario,2026-08-07T19:21:27.909247+00:00
463398e2-84ae-4545-a92e-7ef3015fea0b,https://www.portalguarani.com/,LA ECONOMÍA DE GANANCIAS EN MERCADOS EN VÍAS DE DESARROLLO,EL CASO PARAGUAYO - Por ZULMA ESPÍNOLA GONZÁLEZ y ANA LETICIA CAROSINI RUÍZ DÍAZ,diccionario,2026-08-07T19:21:27.909247+00:00
57677027-b7d9-4995-859d-4c6086efd170,https://www.portalguarani.com/,ROHEJATA CHE ESPERANZA,Polka de EMILIANO RIVAROLA FERNÁNDEZ y OSCAR CORRALES,diccionario,2026-08-07T19:21:27.909247+00:00
6a030643-e2d2-4e3b-8e42-ae06c3dc5da9,https://www.portalguarani.com/,CANCIÓN DE PAZ,Música: EMIGDIO AYALA BÁEZ Y ELADIO MARTÍNEZ,diccionario,2026-08-07T19:21:27.909247+00:00
fe71560b-f73f-44f5-ab94-f1375796cdb7,https://www.portalguarani.com/,NI SIQUIERA EL SOL,"Por ALFREDO BOCCIA PAZ - Sábado, 20 de Noviembre de 2021",diccionario,2026-08-07T19:21:27.909247+00:00
ac697c23-dd41-4186-90d5-ca55655d99f5,https://www.portalguarani.com/,ESOS LABIOS,Polka de CLARA NOEMÍ ALVARENGA GODOY ANTONIO CENTURIÓN - JUSTO DARÍO FERREIRA BENÍTEZ,diccionario,2026-08-07T19:21:27.909247+00:00
b2a9b1e3-e7a9-42dc-84a7-af03ed484b94,https://www.portalguarani.com/,CHE REKOVIARE,Polca de ROQUE MERELES,diccionario,2026-08-07T19:21:27.909247+00:00
bc10c624-2528-4de7-8acf-6fd1e1211920,https://www.portalguarani.com/,RAIDA POTÍ,MANUEL FRUTOS PANE,diccionario,2026-08-07T19:21:27.909247+00:00
1ccdea44-30ea-427c-b4a1-88145ccb19ef,https://www.portalguarani.com/,MITA ÑEMBOTORORE SUINDÁ OÑE'E AJA,Autores: CARLOS MARTÍNEZ GAMBA y VÍCTOR - Año 1984,diccionario,2026-08-07T19:21:27.909247+00:00
84c5dacb-3a51-45be-a7c3-7bb952095bd4,https://www.portalguarani.com/,CHE KAMBA ROVETAME,Polka de BERNARDO ESTIGARRIBIA COLMÁN y TOLEDO NUÑEZ,diccionario,2026-08-07T19:21:27.909247+00:00
1845db9a-5082-45be-8868-e366516d5c03,https://www.portalguarani.com/,KA'AGUY RESAY,Autores: RAMÓN LUGO y ENRIQUE (GUA,diccionario,2026-08-07T19:21:27.909247+00:00
a3757d7b-ebe0-42a4-a430-393c740ee8ee,https://www.portalguarani.com/,SERENATA PARAGUAYA,Música: SAMUEL AGUAYO,diccionario,2026-08-07T19:21:27.909247+00:00
ab12059d-2cee-4b3e-87ff-df0c31d7c020,https://www.portalguarani.com/,AÑEMYRO NENDIVE,Polka de EMILIANO R. FERNÁNDEZ,diccionario,2026-08-07T19:21:27.909247+00:00
9a2f866c-1e0d-4d20-89d2-6a948cf0e092,https://www.portalguarani.com/,CENTRO PARAGUAYO JAPONÉS (CPJ),MUNICIPALIDAD DE LA CIUDAD DE ASUNCIÓN,diccionario,2026-08-07T19:21:27.909247+00:00
afddde5e-9a33-4f66-b399-f56ced8daf26,https://www.portalguarani.com/,FUNDACIÓN MIGLIORISI,MIGLIORISI FOUNDATION,diccionario,2026-08-07T19:21:27.909247+00:00
7426b1e8-b399-47dc-8be4-a112a9e54e06,https://www.portalguarani.com/,MUSEO ARQUEOLÓGICO Y ETNOGRÁFICO GUIDO BOGGIANI,SAN LORENZO / PARAGUAY,diccionario,2026-08-07T19:21:27.909247+00:00
7bc855ea-cc81-44fc-b687-b884bdcf55db,https://www.portalguarani.com/,LA GUERRA DEL CHACO (PARAGUAY,BOLIVIA) AÑOS 1932 - 1935,diccionario,2026-08-07T19:21:27.909247+00:00
53d81554-4781-4252-982a-da875d5aff1b,https://www.portalguarani.com/,GALERÍA VERÓNICA TORRES,COLECCIÓN DE ARTE,diccionario,2026-08-07T19:21:27.909247+00:00
9a194f0b-0b74-46fc-8f49-1e6be7b0f414,https://www.portalguarani.com/,EL DOLOR DE BARRETT,"Polilla Azul - Por JESÚS RUIZ NESTOSA - Viernes, 12 de Abril de 2019",diccionario,2026-08-07T19:21:27.909247+00:00
4718752c-fdd3-44dd-8b43-eba7cbcd2a71,https://www.portalguarani.com/,HIJO DE HOMBRE,Autor: AUGUSTO ROA BASTOS - Año 2011,diccionario,2026-08-07T19:21:27.939314+00:00
ca7e8bd2-9fac-45be-a743-7b23176aeed9,https://www.portalguarani.com/,BIBLIOTECA VIRTUAL DEL PORTALGUARANI.COM,LIBROS DIGITALES,diccionario,2026-08-07T19:21:27.939314+00:00
4aef24dc-8aaa-4ffc-81a7-9d61cbae4ac7,https://www.portalguarani.com/,YO EL SUPREMO,Autor: AUGUSTO ROA BASTOS - Año 2012,diccionario,2026-08-07T19:21:27.939314+00:00
811da086-0c68-43ef-8708-0ed732a4848b,https://www.portalguarani.com/,ARTE Y CULTURA,"Número 35, Marzo/Abril 2019 - Dirección: Lic. VICTORIO V. SUÁREZ",diccionario,2026-08-07T19:21:27.939314+00:00
28d75729-5d64-4ea8-8d5c-19c0d1cd8e68,https://www.portalguarani.com/,ANTOLOGÍA DEL TEATRO CLÁSICO PARAGUAYO,Autor: JORGE AIGUADE - Año 1997,diccionario,2026-08-07T19:21:27.939314+00:00
df8c62b8-8b7e-467a-b5c0-aed785bea852,https://www.portalguarani.com/,EL UMBRAL DEL RETORNO,Autora: MARÍA CARMEN GONZÁLEZ GIOVINE - Año 2009,diccionario,2026-08-07T19:21:27.939314+00:00
d7eaad3d-cb88-477d-8e85-762d170c1707,https://www.portalguarani.com/,COSTOS Revista de la Construcción,Nº 274 - Julio 2018,diccionario,2026-08-07T19:21:27.939314+00:00
b7002dde-8fcc-443e-8494-1a3e86013c8a,https://www.portalguarani.com/,IGLESIA DE LA SANTÍSIMA TRINIDAD,Fotógrafo: VÍCTOR BECKELMANN,diccionario,2026-08-07T19:21:27.939314+00:00
f05d3254-1376-4436-874b-fb3f1cd7dd5e,https://www.portalguarani.com/,MI PARAGUAY PROFUNDO,Muestra fotográfica de Juan de Urraza - Lunes 2 de Febrero de 2009,diccionario,2026-08-07T19:21:27.939314+00:00
47eb1710-7fc8-4529-b7ba-3d2444b4f310,https://www.portalguarani.com/,FILATELIA DEL PARAGUAY,PARAGUAYAN PHILATELY - AÑO 1999,diccionario,2026-08-07T19:21:27.939314+00:00
fcde3845-e44d-49ca-9c5b-7350415b1426,https://www.portalguarani.com/,"ATARDECER EN EL PANTEÓN, 2009",Óleo de NANNINA GALLUPPI,diccionario,2026-08-07T19:21:27.939314+00:00
8cc1f576-e36a-4848-b851-6853d4061874,https://www.portalguarani.com/,POSTALES Y FOTOGRAFÍAS DEL PARAGUAY,POSTALES Y FOTOGRAFÍAS DE KLAUS (CLAUS) HENNING,diccionario,2026-08-07T19:21:27.939314+00:00
423ee668-50ee-42cc-8c81-ed856b71e871,https://www.portalguarani.com/,FILATELIA DEL PARAGUAY,PARAGUAYAN PHILATELY - AÑO 2001 (12 SERIES EMITIDAS),diccionario,2026-08-07T19:21:27.939314+00:00
ddfd1749-e30c-4ace-ac8f-f248277ccae9,https://www.portalguarani.com/,"NIÑA DE ASUNCIÓN, 2009",Óleo de BEATRÍZ HOLDEN,diccionario,2026-08-07T19:21:27.939314+00:00
ea3a6c42-9327-4033-8331-5b8ecdddb864,https://www.portalguarani.com/,DICCIONARIO PRÁCTICO,Por FÉLIX GIMÉNEZ GÓMEZ - Año 2010,diccionario,2026-08-07T19:21:27.939314+00:00
8ff4fd82-adae-489f-8152-689778f52807,https://www.portalguarani.com/,"Memorias, recetas y un gran amor",Autor: ANA MARÍA RIVAROLA MATTO - Año 2006,diccionario,2026-08-07T19:21:27.939314+00:00
b320f116-1ca1-4f33-9e78-6fc054ee437a,https://www.portalguarani.com/,DICCIONARIO DE LA LENGUA GUARANÍ,Por FÉLIX GIMÉNEZ GÓMEZ - Año 2010,diccionario,2026-08-07T19:21:27.939314+00:00
9de76f91-ee26-4341-8ac4-c7e8a100088e,https://www.portalguarani.com/,VERSIONES TUPÍ,GUARANÍ DE CICLO DE LOS GEMELOS - Por LEON CADOGAN,diccionario,2026-08-07T19:21:27.939314+00:00
a4f326d6-4919-4967-a726-ea29b064d0f6,https://www.portalguarani.com/,FOLKLORE DEL PARAGUAY,Autor DIONISIO M. GONZÁLEZ TORRES - Año 2012,diccionario,2026-08-07T19:21:27.939314+00:00
6a9cef83-eead-47ff-9625-b12a455ded25,https://www.portalguarani.com/,YELSHUACECTEMMA,HISTORIA DE UNA ESPERANZA - Coordinación de investigación etnográfica CESAR NEUESCHWANDER ROSSO,diccionario,2026-08-07T19:21:27.939314+00:00
9833bf81-5139-46ad-a4fe-1eece8183d7c,https://www.portalguarani.com/,SOMBRERO PIRÍ,Escultura de SERAFÍN MARSAL,diccionario,2026-08-07T19:21:27.939314+00:00
4ca9c419-e785-44ff-861b-55cf809a2fea,https://www.portalguarani.com/,NEETYGUARA,Autor: FÉLIX DE GUARANIA - Año 2002,diccionario,2026-08-07T19:21:27.939314+00:00
362a3e34-4310-4205-a73b-c6fba3e30cee,https://www.portalguarani.com/,UNA VIDA Y MIL RECUERDOS,Autor: ANA MARÍA RIVAROLA MATTO - Año 2009,diccionario,2026-08-07T19:21:27.939314+00:00
12bf9c43-128d-415c-8a67-e146094d7521,https://www.portalguarani.com/,ETNOLITERATURA NIVACLE,Por MIGUEL CHASE SARDI - Año 1983,diccionario,2026-08-07T19:21:27.939314+00:00
1225e0ad-e91e-43dd-951a-af5f3bcf3aa8,https://www.portalguarani.com/,Aréte Guásu,Ritual Indígena - Dirección de Fernando Allen,diccionario,2026-08-07T19:21:27.939314+00:00
36a92dcb-caf9-4f43-9483-dd647d4ed214,https://www.portalguarani.com/,MITOS FOLKLÓRICOS DE LA REGIÓN GUARANÍ,Por MIGUEL RAÚL LÓPEZ BREARD - Año 2014,diccionario,2026-08-07T19:21:27.939314+00:00
b3239c67-6584-4efe-819a-40deca583f92,https://www.portalguarani.com/,MI PEQUEÑO AVAÑE'E DE MOCHILA,Autor: LINO TRINIDAD SANABRIA - Año 2007,diccionario,2026-08-07T19:21:27.939314+00:00
3e420f65-8fa6-4f88-b202-c6e763a7389a,https://www.portalguarani.com/,ANTROPOLOGÍA GUARANI,EL VALOR DE LA PALABRA,diccionario,2026-08-07T19:21:27.939314+00:00
0c8d88a6-9f18-4080-9c76-9ed555de8fc5,https://www.portalguarani.com/,TETÃYGUA PYAMBU,Autor: GREGORIO GÓMEZ CENTURIÓN - Año 2017,diccionario,2026-08-07T19:21:27.939314+00:00
f495fadf-1850-4c45-a843-6e3aa4bacde3,https://www.portalguarani.com/,LA GUERRA DE LOS GUARANÍES (XXIV),"«Querían ponernos en sacos de cuero y tirarnos al mar» - Domingo, 24 de Setiembre de 2017",diccionario,2026-08-07T19:21:27.939314+00:00
b393ac13-e111-4736-8120-4389ba6ce811,https://www.portalguarani.com/,TAPE YOASA,Autor: EDGAR L. INSFRÁN - Año: 1961,diccionario,2026-08-07T19:21:27.939314+00:00
b696626d-32ac-467c-8f2c-33d679c770b9,https://www.portalguarani.com/,"HISTORIA DEL PARAGUAY, 2010",Coordinador IGNACIO TELESCA,diccionario,2026-08-07T19:21:27.939314+00:00
740f969d-59d5-45bb-b719-0f53d87a6378,https://www.portalguarani.com/,"MOKÖI, EN DÚO","DOS, A DÚO - Autor: MIGUELÁNGEL MEZA - Año 2008",diccionario,2026-08-07T19:21:27.939314+00:00
7a93e829-3999-436b-a972-549144470e1f,https://www.portalguarani.com/,EN TORNO A LA OBRA POÉTICA DE FELICIANO ACOSTA,"Por DELFINA ACOSTA - Domingo, 14 de Enero de 2018",diccionario,2026-08-07T19:21:27.939314+00:00
4d056109-81e9-485f-977b-a68947e8809b,https://www.portalguarani.com/,"EL DON, LA VENGANZA y otras formas de economía guaraní","Autor: BARTOLOMEU MELIÀ, DOMINIQUE TEMPLE - Año 2004",diccionario,2026-08-07T19:21:27.939314+00:00
137b51d2-980c-4150-ae07-db0134e4829c,https://www.portalguarani.com/,EL BICENTENARIO DE LA INDEPENDENCIA Y EL IDIOMA DE LA REVOLUCIÓN PARAGUAYA,Autor: MANUEL RAMOS MARECOS - Año 2011,diccionario,2026-08-07T19:21:27.939314+00:00
83c79367-d99d-4822-a9fd-5dec4bebb87f,https://www.portalguarani.com/,KM# 7 10 CENTAVOS,AÑO 1903 - MONEDAS DE PARAGUAY,diccionario,2026-08-07T19:21:27.939314+00:00
cf1b549c-972d-4506-82f0-42c547db08a7,https://www.portalguarani.com/,JOSÉ GASPAR RODRIGUEZ DE FRANCIA,Por PEDRO ESCURRA FRANCO,diccionario,2026-08-07T19:21:27.939314+00:00
45413a1d-0ede-486e-9993-760a4fa06fa8,https://www.portalguarani.com/,Bicentenario de la Independencia,Municipalidad de Asunción,diccionario,2026-08-07T19:21:27.939314+00:00
3d04807c-2cfd-4817-862e-e690ddbb485e,https://www.portalguarani.com/,KM# 155 150 GUARANIES,AÑO 1975 - MONEDAS DE PARAGUAY,diccionario,2026-08-07T19:21:27.939314+00:00
924cfd5c-8c06-40bc-92b7-fa454a852fc7,https://www.portalguarani.com/,MUSEO VIRTUAL DE LA MEMORIA Y VERDAD SOBRE EL STRONISMO,EL STRONISMO - CULTO A LA PERSONALIDAD,diccionario,2026-08-07T19:21:28.957591+00:00
18e59918-92e8-47ae-9d7c-594429a0bf25,https://www.portalguarani.com/,RESURGIDÁS PARAGUAY,Oda de MARTÍN MAC MAHON - Conferencia de LEOPOLDO RAMOS GIMÉNEZ,diccionario,2026-08-07T19:21:28.957591+00:00
5a5c89a2-818b-4138-9b35-daae55c73e05,https://www.portalguarani.com/,EL ESCRITORIO,MUSEO HISTÓRICO - CASA DE LA INDEPENDENCIA,diccionario,2026-08-07T19:21:28.957591+00:00
28cf1be8-cc06-4840-acea-b3b6132113e4,https://www.portalguarani.com/,JUNTA DIRECTIVA 2010,2013 - ACADEMIA PARAGUAYA DE LA HISTORIA,diccionario,2026-08-07T19:21:28.957591+00:00
5734eb73-d03e-4ee9-8641-a9f5373fec2c,https://www.portalguarani.com/,KM# 25 10 CENTIMOS,AÑO 1953 - MONEDAS DE PARAGUAY,diccionario,2026-08-07T19:21:28.957591+00:00
72f31b1b-92e8-4f21-a344-0212d1d3953c,https://www.portalguarani.com/,KM# 61 150 GUARANIES,AÑO 1973 - MONEDAS DE PARAGUAY,diccionario,2026-08-07T19:21:28.957591+00:00
2a56b4cf-5209-484f-ba5a-de1e87ce8cd5,https://www.portalguarani.com/,REVISTA DEL ATENEO PARAGUAYO,"N° 2, 1963 - Director: ADRIANO IRALA BURGOS",diccionario,2026-08-07T19:21:28.957591+00:00
6609fc66-bd31-4f4c-8689-f80b5c92546f,https://www.portalguarani.com/,MUSEO VIRTUAL DE LA MEMORIA Y VERDAD SOBRE EL STRONISMO,EL STRONISMO - PERSEGUIDOS DURANTE LA DICTADURA: TESTIMONIOS,diccionario,2026-08-07T19:21:28.957591+00:00
ac9a9690-a147-4912-9d5e-50df76d4da16,https://www.portalguarani.com/,DERECHO BANCARIO,6ta. Edición - Tomo II - Autor: BONIFACIO RÍOS ÁVALOS - Año 2011,diccionario,2026-08-07T19:21:28.957591+00:00
0932fa6b-3fde-4d5e-8973-11d476922f0e,https://www.portalguarani.com/,LA EDAD DE ORO DE LA JUSTICIA PARAGUAYA (1949,1959) - Autor: CÉSAR BÁEZ SAMANIEGO - Año 2011,diccionario,2026-08-07T19:21:28.957591+00:00
ad23a3b1-042b-4a3f-a39f-571949816115,https://www.portalguarani.com/,PLAN DE CUENTAS,Autores: ANTONIO AYALA MAÑOTTI/SANTIAGO PANIAGUA BALBUENA - Año 2009,diccionario,2026-08-07T19:21:28.957591+00:00
748ac5e0-81fd-43d8-8ce7-5b4583d19987,https://www.portalguarani.com/,CÓDIGO DE ORGANIZACIÓN JUDICIAL,Autor: ANTONIO AYALA MAÑOTTI - Año 2007,diccionario,2026-08-07T19:21:28.957591+00:00
2da907c7-e8df-41d3-ba93-a377e60da844,https://www.portalguarani.com/,DELITOS DE ACCIÓN PENAL PÚBLICA A INSTANCIA DE LA VÍCTIMA,Autor: RODOLFO FABIÁN CENTURIÓN ORTIZ - Año 2018,diccionario,2026-08-07T19:21:28.957591+00:00
91493dbd-f60f-41b1-a9c6-05880f49fe9c,https://www.portalguarani.com/,DERECHO DEL TRABAJO Y DE LA SEGURIDAD SOCIAL,Autores: MANUEL DEJESÚS RAMÍREZ CANDIA / JOSÉ MANUEL CANO IRALA - Año 2017,diccionario,2026-08-07T19:21:28.957591+00:00
083e9738-a24f-4210-afea-3d22e0af0895,https://www.portalguarani.com/,EL PODER JUDICIAL EN EL PARAGUAY,Sus Orígenes y Organización 1870-1900 - Tomo I,diccionario,2026-08-07T19:21:28.957591+00:00
72618cee-c9e8-4317-ae65-6cb637f72d94,https://www.portalguarani.com/,DERECHO PROCESAL CIVIL,2ª EDICIÓN - Autor: RODOLFO FABIÁN CENTURIÓN ORTIZ - Año 2016,diccionario,2026-08-07T19:21:28.957591+00:00
cc7e10ee-99b2-4e93-97b5-3b5e62e29d54,https://www.portalguarani.com/,CÓDIGO PENAL PARAGUAYO,Autor: NELSON ALCIDES MORA RODAS - Año 2012,diccionario,2026-08-07T19:21:28.957591+00:00
68db10c2-5ce3-41e4-8564-2cc6e9ed9737,https://www.portalguarani.com/,COMENTARIO A LA CONSTITUCIÓN,TOMO II - Compiladores: EMILIO CAMACHO / LUIS LEZCANO CLAUDE - Año 2002,diccionario,2026-08-07T19:21:28.957591+00:00
68c633e3-b608-4269-960a-9acd1bbc869a,https://www.portalguarani.com/,MONEDAS DEL PARAGUAY 1790,2015 / PARAGUAYAN COINS,diccionario,2026-08-07T19:21:28.957591+00:00
b4b75c68-13f0-40ea-a0c8-8f9871892130,https://www.portalguarani.com/,EL TRÍO PARANÁ,"LA RADIO: EL GRAN PEDESTAL DE LOS ARTISTAS - Por EDUARDO PALACIOS - Domingo, 28 de Febrero de 2021",diccionario,2026-08-07T19:21:28.957591+00:00
37acdb15-0240-44dc-82d6-8a56b0033e6f,https://www.portalguarani.com/,ALTERNATIVA ECOLÓGICA DE CULTIVO,"Ing. Agr. FERNANDO DÍAZ SHENKER - Miércoles, 08 de Noviembre de 2017",diccionario,2026-08-07T19:21:28.957591+00:00
897dbbf0-c313-4647-97a2-be8d877303bd,https://www.portalguarani.com/,ZARZAPARRILLA COLORADA,PROPIEDADES - Estudio de JAVIER CATALDO,diccionario,2026-08-07T19:21:28.957591+00:00
9b57ac75-19cb-4270-8ae4-c9a18465371d,https://www.portalguarani.com/,A UNA LUQUEÑA,Letra: ZOILO F. CANTERO,diccionario,2026-08-07T19:21:28.957591+00:00
0114dbec-1a08-426f-82ff-f1e40c4ba851,https://www.portalguarani.com/,JUICIO SUCESORIO,DERECHO PROCESAL CIVIL - Autor: RODOLFO FABIÁN CENTURIÓN ORTÍZ - Año 2018,diccionario,2026-08-07T19:21:28.957591+00:00
3e773e65-e5fe-4e68-b07f-3fa6ee146a84,https://es.wikipedia.org/wiki/Alfabeto_guaran%C3%AD,Análisis acústico,"auditivo del vocalismo oral del guaraní - Aspecto temporal y de timbre por Renzo Miotti, Universidad de Verona Archivado el 23 de diciembre de 2012 en Wayback Machine.",alfabeto,2026-08-07T19:22:08.789543+00:00
adf3fa79-c53e-4a57-89b7-25e242a384ab,https://es.wikipedia.org/wiki/Alfabeto_guaran%C3%AD,El alfabeto guaraní en orden es el siguiente,[3][editar],alfabeto,2026-08-07T19:22:08.789543+00:00
71e5aaa7-b87e-40fe-b895-2cf7030bdae9,https://es.wikipedia.org/wiki/Alfabeto_guaran%C3%AD,Vocales (Puꞌae),"fonema con sonido oral o nasal. Son 12 que se clasifican en 5 orales, 5 nasales, 1 gutural y 1 gutonasal.",alfabeto,2026-08-07T19:22:08.789543+00:00
a15472a4-06bd-4ebe-894b-f003f9a7f8fa,https://es.wikipedia.org/wiki/Alfabeto_guaran%C3%AD,Consonantes (Pundie),fonema con sonido modificado.,alfabeto,2026-08-07T19:22:08.789543+00:00
dae76a3c-f320-49a2-bc5a-2a16da0d0ee2,https://es.wikipedia.org/wiki/Alfabeto_guaran%C3%AD,En guaraní las palabras se dividen en orales y nasales. Las nasales son aquellas que están compuestas por alguna vocal o consonante nasal. Ej,"akã - porã - kuñataĩ - hembireko. Las orales son aquellas que no contienen vocales ni consonantes nasales. Ej: rajy - túva - sy - arapoty. Las consonantes se leen en guaraní agregándole la letra ""e"". Ej: le, me, ne, re Lo que en español sería: ele, eme, ene, ere. La excepción es la consonante (puso) [4]",alfabeto,2026-08-07T19:22:08.789543+00:00
ba407624-9dcb-48d9-8615-f6b9e7d027a7,https://es.wikipedia.org/wiki/Alfabeto_guaran%C3%AD,"El acento agudo ""´"" se usa como en español, y es llamado muanduhe. Cuando se omite, el acento recae sobre la última sílaba","syva [sɨ'ʋa] (""frente""), áva ['a.ʋa] (""cabello""), tata [ta'ta] (""fuego""), tãi [tãj] (""diente"").",alfabeto,2026-08-07T19:22:08.789543+00:00
d8c9873e-adc9-4dcc-abb2-67dffa4dddf3,https://es.wikipedia.org/wiki/Alfabeto_guaran%C3%AD,El acento (muanduhe),En guaraní ninguna palabra termina en consonante y casi todas llevan acento en la última vocal y no se tilda (acento gráfico).,alfabeto,2026-08-07T19:22:08.789543+00:00
acba783f-4e3f-4bcf-983e-ca7fbfd39491,https://es.wikipedia.org/wiki/Alfabeto_guaran%C3%AD,Se escribe,tape: camino tata: fuego. Y se lee: tapé tatá El acento gráfico se usa cuando la vocal acentuada no es la final. Se lee y se escribe: áva: cabello tái: picante.,alfabeto,2026-08-07T19:22:08.789543+00:00
54df4f6d-6771-4667-b1f9-31c8f8c5385e,https://es.wiktionary.org/wiki/Categor%C3%ADa:Guaran%C3%AD,"Esta es la categoría principal del idioma guaraní. Se habla en: Paraguay, Argentina, Brasil, Bolivia. Información Código: gn Nombre canónico: guaraní ID de Wikidata: 35876 Familia: Lenguas tupí-guaraní Script(s): Latn Véase también Página de referencia Entrada en el Wikcionario. Entrada en Wikipedia. Entrada en Wikidata. Búsqueda en Wikimedia Commons. Lista completa de idiomas.",Árbol genealógico lenguas tupí | lenguas tupí-guaraní | guaraní,diccionario,2026-08-07T19:22:08.789543+00:00
02496951-5574-44d2-a070-ae1fb4dfa6e5,https://es.wiktionary.org/wiki/Categor%C3%ADa:Guaran%C3%AD,Esta es la categoría principal del idioma guaraní. Se habla en,"Paraguay, Argentina, Brasil, Bolivia.",diccionario,2026-08-07T19:22:08.789543+00:00
2971033d-0b8d-440f-bd82-95e87ecdfc54,https://es.wiktionary.org/wiki/Categor%C3%ADa:Guaran%C3%AD,Buscar Buscar Categoría,Guaraní 53 idiomas Añadir tema,diccionario,2026-08-07T19:22:08.789543+00:00
907fe814-04aa-4da5-97e6-ab7b1e0b3b04,https://es.wikibooks.org/wiki/Guaran%C3%AD,"Guaraní Aprenda la lengua del sur El guaraní, o lenguas guaraníes son un grupo de lenguas habladas en Suramérica por más de cuatro millones de personas, dos millones de las cuales la tienen como lengua materna. Son lenguas habladas por los guaraníes, grupos de pueblos autóctonos precolombinos de Paraguay, Bolivia, Brasil y Argentina. La mayoría de los hablantes son mestizos, descendientes de europeos e indígenas. En la América precolonial se empleaban regularmente por pueblos que vivían al este de la Cordillera de los Andes, desde el mar Caribe hasta el Río de la Plata. Este libro pretende ser un buen comienzo para aquellos que deseen saber más acerca de estas lenguas, su historia y de la etnia que hace parte y en el estudio del guaraní criollo. ▶ Índice • Introducción • Texto completo",Índice • Introducción • Texto completo,curso,2026-08-07T19:22:08.789543+00:00
9baf80d9-f819-4f1d-83a3-f5230c2408ae,https://es.wikibooks.org/wiki/Guaran%C3%AD,"Página de edición Este libro se encuentra en construcción, para ello dispone de una página de edición, donde se coordina su construcción.",Página de edición,curso,2026-08-07T19:22:08.789543+00:00
253ccdcb-6ee3-4591-ae2e-13c135d10b50,https://es.wikibooks.org/wiki/Guaran%C3%AD,Determinantes posesivo,atributivos,curso,2026-08-07T19:22:08.789543+00:00
30844cd7-2beb-4507-a1c5-6100ec84cdba,https://es.wikibooks.org/wiki/Guaran%C3%AD,«Estructura básica del guaraní,Wikcionario»,curso,2026-08-07T19:22:08.789543+00:00
0b0f32d7-afce-4a4e-8819-9c03397b5011,https://www.ateneoguarani.edu.py/,Contacte con nosotros Et id eius voluptates atque nihil voluptatem enim in tempore minima sit ad mollitia commodi minus. Ubicación,Julia Miranda Cueto 1721 e/ Ytororó y R.I. 3 Corrales. Email: info@ateneoguarani.edu.py Teléfono: (595-21) 520-276 Loading Enviar mensaje,diccionario,2026-08-07T19:32:18.271627+00:00
3f55b549-1cf6-4cca-9da9-8242fdfb672d,https://www.ateneoguarani.edu.py/,Contacte con nosotros Et id eius voluptates atque nihil voluptatem enim in tempore minima sit ad mollitia commodi minus. Ubicación,Julia Miranda Cueto 1721 e/ Ytororó y R.I. 3 Corrales. Email: info@ateneoguarani.edu.py Teléfono: (595-21) 520-276,diccionario,2026-08-07T19:32:18.271627+00:00
86246d91-82a8-410d-a706-b5206281af5e,https://glosbe.com/es/gn,Glosbe Diccionario español,"guaraní español guaraní Glosbe es un hogar para miles de diccionarios. Ofrecemos no sólo diccionario español - guaraní, pero también los diccionarios para cada par de idiomas existentes - en línea y de forma gratuita. Traducciones del diccionario español - guaraní, definiciones, gramática En Glosbe encontrarás traducciones de español a guaraní provenientes de diversas fuentes. Las traducciones están ordenadas de las más comunes a las menos populares. Hacemos todo lo posible para garantizar que cada expresión tenga definiciones o información sobre la flexión. En traducciones de contexto español - guaraní, oraciones traducidas Los diccionarios Glosbe son únicos. En Glosbe puedes consultar no solo las traducciones español o guaraní. También ofrecemos ejemplos de uso que muestran docenas de oraciones traducidas. Puede ver no solo la traducción de la frase que está buscando, sino también cómo se traduce según el contexto. Memoria de traducción para los idiomas español - guaraní Las frases traducidas que encontrarás en Glosbe proceden de corpus paralelos (grandes bases de datos con textos traducidos). La memoria de traducción es como tener el apoyo de miles de traductores disponibles en una fracción de segundo. Pronunciación, grabaciones A menudo, el texto por sí solo no es suficiente. También necesitamos escuchar cómo suena la frase u oración. En Glosbe encontrarás no solo traducciones del diccionario español-guaraní, sino también grabaciones de audio y lectores informáticos de alta calidad. Diccionario de imágenes Una imagen vale más que mil palabras. Además de las traducciones de texto, en Glosbe encontrará imágenes que presentan los términos buscados. Traductor automático español - guaraní ¿Necesita traducir un texto más largo? No hay problema, en Glosbe encontrarás un traductor español - guaraní que traducirá fácilmente el artículo o archivo que te interese. Nos alegra darte la bienvenida a la Comunidad de Glosbe. ¿Qué tal si añadimos algunas entradas al diccionario? Añadir traducción Ayúdanos a construir el mejor diccionario. Glosbe es un proyecto comunitario creado por gente como tú. Añade algunas entradas al diccionario. Añadir traducción Cambios recientes más (Click here to view more recent changes) Estadísticas del diccionario español - guaraní más (Click here to view statistics) Idioma español Región Region: Spain, Hispanic America, Equatorial Guinea (see below) Official language in: 20 countries Argentina Bolivia Chile Colombia Costa Rica Cuba Dominican Republic Ecuador El Salvador Equatorial Guinea Guatemala Honduras Mexico Nicaragua Panama Paraguay Peru Spain Uruguay Venezuela Dependent entity Puerto Rico Significant minority United States Andorra Gibraltar Belize International organizations African Union CARICOM CELAC European Union ALADI Latin American Parliament Mercosur Organization of American States United Nations Union of South American Nations Usuarios 480.000.000 más Idioma guaraní más",diccionario,2026-08-07T19:47:55.925693+00:00
c5b3a980-dd90-4f0f-b387-c3e04bafdcc3,https://glosbe.com/es/gn,Glosbe Diccionario español,guaraní español guaraní,diccionario,2026-08-07T19:47:55.925693+00:00
213710eb-3325-4669-bdba-32e11f021048,https://glosbe.com/es/gn,Glosbe es un hogar para miles de diccionarios. Ofrecemos no sólo diccionario español,"guaraní, pero también los diccionarios para cada par de idiomas existentes - en línea y de forma gratuita.",diccionario,2026-08-07T19:47:55.925693+00:00
0a4fa3d2-a4c1-4049-9cb7-076e90d9f352,https://glosbe.com/es/gn,Traducciones del diccionario español,"guaraní, definiciones, gramática En Glosbe encontrarás traducciones de español a guaraní provenientes de diversas fuentes. Las traducciones están ordenadas de las más comunes a las menos populares. Hacemos todo lo posible para garantizar que cada expresión tenga definiciones o información sobre la flexión. En traducciones de contexto español - guaraní, oraciones traducidas Los diccionarios Glosbe son únicos. En Glosbe puedes consultar no solo las traducciones español o guaraní. También ofrecemos ejemplos de uso que muestran docenas de oraciones traducidas. Puede ver no solo la traducción de la frase que está buscando, sino también cómo se traduce según el contexto. Memoria de traducción para los idiomas español - guaraní Las frases traducidas que encontrarás en Glosbe proceden de corpus paralelos (grandes bases de datos con textos traducidos). La memoria de traducción es como tener el apoyo de miles de traductores disponibles en una fracción de segundo. Pronunciación, grabaciones A menudo, el texto por sí solo no es suficiente. También necesitamos escuchar cómo suena la frase u oración. En Glosbe encontrarás no solo traducciones del diccionario español-guaraní, sino también grabaciones de audio y lectores informáticos de alta calidad. Diccionario de imágenes Una imagen vale más que mil palabras. Además de las traducciones de texto, en Glosbe encontrará imágenes que presentan los términos buscados. Traductor automático español - guaraní ¿Necesita traducir un texto más largo? No hay problema, en Glosbe encontrarás un traductor español - guaraní que traducirá fácilmente el artículo o archivo que te interese.",diccionario,2026-08-07T19:47:55.925693+00:00
e13d6a14-5972-4442-bd44-3b159908b207,https://glosbe.com/es/gn,Traducciones del diccionario español,"guaraní, definiciones, gramática En Glosbe encontrarás traducciones de español a guaraní provenientes de diversas fuentes. Las traducciones están ordenadas de las más comunes a las menos populares. Hacemos todo lo posible para garantizar que cada expresión tenga definiciones o información sobre la flexión.",diccionario,2026-08-07T19:47:55.925693+00:00
b7bbcc99-4015-4c1a-8695-f663427badef,https://glosbe.com/es/gn,En traducciones de contexto español,"guaraní, oraciones traducidas Los diccionarios Glosbe son únicos. En Glosbe puedes consultar no solo las traducciones español o guaraní. También ofrecemos ejemplos de uso que muestran docenas de oraciones traducidas. Puede ver no solo la traducción de la frase que está buscando, sino también cómo se traduce según el contexto.",diccionario,2026-08-07T19:47:55.925693+00:00
175f5ff0-7de2-4660-8aa0-c5c220de12b8,https://glosbe.com/es/gn,Memoria de traducción para los idiomas español,guaraní Las frases traducidas que encontrarás en Glosbe proceden de corpus paralelos (grandes bases de datos con textos traducidos). La memoria de traducción es como tener el apoyo de miles de traductores disponibles en una fracción de segundo.,diccionario,2026-08-07T19:47:55.925693+00:00
658b9308-2686-419c-9961-5fe1f65ae9fe,https://glosbe.com/es/gn,"Pronunciación, grabaciones A menudo, el texto por sí solo no es suficiente. También necesitamos escuchar cómo suena la frase u oración. En Glosbe encontrarás no solo traducciones del diccionario español","guaraní, sino también grabaciones de audio y lectores informáticos de alta calidad.",diccionario,2026-08-07T19:47:55.925693+00:00
c17b13d2-c9a7-463f-b6f2-e4286e6262ed,https://glosbe.com/es/gn,"A menudo, el texto por sí solo no es suficiente. También necesitamos escuchar cómo suena la frase u oración. En Glosbe encontrarás no solo traducciones del diccionario español","guaraní, sino también grabaciones de audio y lectores informáticos de alta calidad.",diccionario,2026-08-07T19:47:55.925693+00:00
2ea3f955-eebf-420c-a9d8-973265613542,https://glosbe.com/es/gn,Traductor automático español,"guaraní ¿Necesita traducir un texto más largo? No hay problema, en Glosbe encontrarás un traductor español - guaraní que traducirá fácilmente el artículo o archivo que te interese.",diccionario,2026-08-07T19:47:55.925693+00:00
f3114bf8-22b6-4315-b250-d045a73ec7f1,https://glosbe.com/es/gn,"¿Necesita traducir un texto más largo? No hay problema, en Glosbe encontrarás un traductor español",guaraní que traducirá fácilmente el artículo o archivo que te interese.,diccionario,2026-08-07T19:47:55.925693+00:00
233af5d7-671a-47e4-9db5-1bba2c3bb4c7,https://glosbe.com/es/gn,Estadísticas del diccionario español,guaraní más (Click here to view statistics),diccionario,2026-08-07T19:47:55.925693+00:00
e1642122-688e-4dd0-9753-bd4f67fe6d6f,https://glosbe.com/es/gn,Idioma español Región Region,"Spain, Hispanic America, Equatorial Guinea (see below) Official language in: 20 countries Argentina Bolivia Chile Colombia Costa Rica Cuba Dominican Republic Ecuador El Salvador Equatorial Guinea Guatemala Honduras Mexico Nicaragua Panama Paraguay Peru Spain Uruguay Venezuela Dependent entity Puerto Rico Significant minority United States Andorra Gibraltar Belize International organizations African Union CARICOM CELAC European Union ALADI Latin American Parliament Mercosur Organization of American States United Nations Union of South American Nations Usuarios 480.000.000 más Idioma guaraní más",diccionario,2026-08-07T19:47:55.925693+00:00
11328464-b902-498f-bf68-b5235c90a847,https://glosbe.com/es/gn,Idioma español Región Region,"Spain, Hispanic America, Equatorial Guinea (see below) Official language in: 20 countries Argentina Bolivia Chile Colombia Costa Rica Cuba Dominican Republic Ecuador El Salvador Equatorial Guinea Guatemala Honduras Mexico Nicaragua Panama Paraguay Peru Spain Uruguay Venezuela Dependent entity Puerto Rico Significant minority United States Andorra Gibraltar Belize International organizations African Union CARICOM CELAC European Union ALADI Latin American Parliament Mercosur Organization of American States United Nations Union of South American Nations Usuarios 480.000.000 más",diccionario,2026-08-07T19:47:55.925693+00:00
